<?xml version="1.0" encoding="utf-8" standalone="yes"?>
<rss version="2.0" xmlns:atom="http://www.w3.org/2005/Atom">
  <channel>
    <title>MM2H on </title>
    <link>https://bhs.grp.mybluehost.me/.website_438570b7/</link>
    <description>Recent content in MM2H on </description>
    <generator>Hugo -- gohugo.io</generator>
    <language>en</language>
    <lastBuildDate>Wed, 06 Dec 2023 09:36:24 +0800</lastBuildDate>
    <atom:link href="https://bhs.grp.mybluehost.me/.website_438570b7/index.xml" rel="self" type="application/rss+xml" />
    <item>
      <title>News</title>
      <link>https://bhs.grp.mybluehost.me/.website_438570b7/blog/news/</link>
      <pubDate>Fri, 29 Dec 2023 09:56:52 +0800</pubDate>
      <guid>https://bhs.grp.mybluehost.me/.website_438570b7/blog/news/</guid>
      <description></description>
    </item>
    <item>
      <title>Inquiry</title>
      <link>https://bhs.grp.mybluehost.me/.website_438570b7/blog/inquiry/</link>
      <pubDate>Fri, 29 Dec 2023 09:06:41 +0800</pubDate>
      <guid>https://bhs.grp.mybluehost.me/.website_438570b7/blog/inquiry/</guid>
      <description></description>
    </item>
    <item>
      <title>Expat</title>
      <link>https://bhs.grp.mybluehost.me/.website_438570b7/blog/expat/</link>
      <pubDate>Wed, 20 Dec 2023 11:26:49 +0800</pubDate>
      <guid>https://bhs.grp.mybluehost.me/.website_438570b7/blog/expat/</guid>
      <description>PROPERTIES RENTAL FOR WORKING EXPATRIATES We are the specialists to make your home search a hassle free and comfortable journey!
How can we help? Step 1: Fill in inquiry form Step 2: We will send you a property listing for your selection Step 3: Confirm date and time for property viewing Step 4: Negotiation &amp;amp; finalisation Step 5: Ready to MOVE IN. </description>
    </item>
    <item>
      <title>Real Estate</title>
      <link>https://bhs.grp.mybluehost.me/.website_438570b7/blog/realestate/</link>
      <pubDate>Mon, 18 Dec 2023 09:39:17 +0800</pubDate>
      <guid>https://bhs.grp.mybluehost.me/.website_438570b7/blog/realestate/</guid>
      <description></description>
    </item>
    <item>
      <title>Condominiums</title>
      <link>https://bhs.grp.mybluehost.me/.website_438570b7/blog/condo/</link>
      <pubDate>Fri, 15 Dec 2023 11:07:22 +0800</pubDate>
      <guid>https://bhs.grp.mybluehost.me/.website_438570b7/blog/condo/</guid>
      <description>Condominiums in Penang Overseas Living is a popular home search icon among foreign expatriates and long-stay retirees. We welcome MM2H Homers and working expatriates who plans to relocate to Penang by providing property orientation and consultation.
Our CEO, Ms Jessie and her team provide professional real estate support from rental and management of property to buying and selling property throughout the years; and gained great confidence &amp;amp; trust from clients.</description>
    </item>
    <item>
      <title>Penang</title>
      <link>https://bhs.grp.mybluehost.me/.website_438570b7/blog/penang/</link>
      <pubDate>Fri, 15 Dec 2023 09:52:55 +0800</pubDate>
      <guid>https://bhs.grp.mybluehost.me/.website_438570b7/blog/penang/</guid>
      <description>What pops into your mind when you first heard about &amp;ldquo;Penang&amp;rdquo;? Delicacies? Heritage architecture? Penang Hill, seasides, and national park? Penang is located in the north part of the Peninsular Malaysia and George Town is the capital city. It was once an important Straits of Malacca trading hub, and the city’s old town is known for its British colonial buildings, Chinese shophouses and mosques. Nowadays, George Town is a modern city with skyscrapers, condominiums, and shopping malls.</description>
    </item>
    <item>
      <title>Malaysia</title>
      <link>https://bhs.grp.mybluehost.me/.website_438570b7/blog/malaysia/</link>
      <pubDate>Wed, 13 Dec 2023 17:17:03 +0800</pubDate>
      <guid>https://bhs.grp.mybluehost.me/.website_438570b7/blog/malaysia/</guid>
      <description>Malaysia offers a variety of eye-opening experiences Discover the allure of Malaysia – a global hotspot for adventure and opportunity! Immerse yourself in a dynamic economy, a melting pot of cultures, and a strategic gateway to the vibrant Southeast Asian region. With a lower cost of living and government-backed initiatives propelling innovation, Malaysia beckons as a captivating destination for global explorers. Uncover boundless possibilities in a diverse landscape that offers the perfect blend of modernity and tradition.</description>
    </item>
    <item>
      <title>pet</title>
      <link>https://bhs.grp.mybluehost.me/.website_438570b7/blog/pet/</link>
      <pubDate>Thu, 07 Dec 2023 13:51:08 +0800</pubDate>
      <guid>https://bhs.grp.mybluehost.me/.website_438570b7/blog/pet/</guid>
      <description>Traveling with Pets: Import and Export Guidelines Ever wondered if your furry friends can accompany you across borders?
Well, absolutely! Malaysia welcomes your pets with open arms, provided certain conditions are met. However, bear in mind that some species face restrictions, as set by official authorities. So, let&amp;rsquo;s get you up to speed on the rules and make your pet&amp;rsquo;s journey as smooth as possible!</description>
    </item>
    <item>
      <title>SMM2HVisa</title>
      <link>https://bhs.grp.mybluehost.me/.website_438570b7/blog/smm2hvisa/</link>
      <pubDate>Thu, 07 Dec 2023 13:50:47 +0800</pubDate>
      <guid>https://bhs.grp.mybluehost.me/.website_438570b7/blog/smm2hvisa/</guid>
      <description>Merits of S-MM2H Visa Residency Permit Successful applicants receive a ten-year multiple-entry visa, allowing them to reside in Sarawak for an extended period. The visa is renewable after ten years.
Property Ownership Participants of the program are allowed to purchase residential properties in Sarawak, subject to guidelines and conditions set by the local authorities.
Education and Healthcare MM2H participants can enroll their children in both public and private schools in Sarawak.</description>
    </item>
    <item>
      <title>MM2H</title>
      <link>https://bhs.grp.mybluehost.me/.website_438570b7/blog/mm2hvisa/</link>
      <pubDate>Thu, 07 Dec 2023 13:50:41 +0800</pubDate>
      <guid>https://bhs.grp.mybluehost.me/.website_438570b7/blog/mm2hvisa/</guid>
      <description>Why Malaysia? Mild climate, less pollution, and a safe place with least natural disasters. Living cost is reasonable, can enjoy good quality lifestyle. People are friendly and English is widely spoken. Medical facilities are world ranking standard. Economy stability (GDP growth 4.9% in 2019 Quarter 2) Merits of MM2H Visa Malaysia My Second Home offers 10-years multiple social visit pass, with no minimum stay required! MM2H Homers may apply with spouse, children below age 21, and parents above age 60.</description>
    </item>
  </channel>
</rss>
