<?xml version="1.0" encoding="utf-8" standalone="yes"?>
<rss version="2.0" xmlns:atom="http://www.w3.org/2005/Atom">
  <channel>
    <title>Tags on </title>
    <link>https://bhs.grp.mybluehost.me/.website_438570b7/tags/</link>
    <description>Recent content in Tags on </description>
    <generator>Hugo -- gohugo.io</generator>
    <language>en</language>
    <atom:link href="https://bhs.grp.mybluehost.me/.website_438570b7/tags/index.xml" rel="self" type="application/rss+xml" />
  </channel>
</rss>
